sensor_id,timestamp,container_id,shipment_id,route_id,product,temperature_c,humidity_percent,vibration_level,door_status,city,gps_latitude,gps_longitude,battery_percent,network_signal,outside_temperature,rainfall_mm,wind_speed
1,2026-07-16 12:30:00,C182,SH3995,R027,Potato,11.23,62,5.42,CLOSED,Pune,23.0031,72.709156,92,Strong,27.01,1.77,11.14
2,2026-07-16 12:30:00,C010,SH1863,R081,Onion,15.13,90,5.38,OPEN,Pune,20.834891,71.904973,85,Weak,22.69,31.82,6.58
3,2026-07-16 12:30:00,C466,SH9269,R026,Onion,9.71,89,3.91,CLOSED,Mumbai,22.525191,71.658522,94,Strong,36.5,38.3,8.47
4,2026-07-16 12:30:01,C369,SH1867,R037,Tomato,7.27,61,3.63,OPEN,Jaipur,20.36314,70.644816,63,Medium,30.46,26.24,2.88
5,2026-07-16 12:30:01,C395,SH1675,R061,Orange,13.14,78,3.1,OPEN,Jaipur,22.915949,71.386369,78,Weak,23.97,14.05,21.12
6,2026-07-16 12:30:01,C427,SH9798,R099,Tomato,10.28,82,3.84,OPEN,Delhi,21.819954,70.637377,94,Medium,38.29,1.58,6.01
7,2026-07-16 12:30:01,C199,SH5415,R029,Onion,12.22,66,4.89,CLOSED,Pune,21.232382,73.261554,52,Medium,31.5,21.56,3.71
8,2026-07-16 12:30:01,C173,SH9306,R055,Onion,5.21,86,4.17,OPEN,Mumbai,22.631573,70.677136,59,Medium,31.98,33.12,21.18
9,2026-07-16 12:30:02,C247,SH2816,R041,Onion,5.65,94,0.92,CLOSED,Jaipur,21.292279,72.474341,82,Medium,34.44,19.95,18.89
10,2026-07-16 12:30:02,C078,SH4977,R032,Banana,17.38,80,5.4,OPEN,Delhi,20.038288,73.599951,65,Strong,26.32,37.38,22.57
11,2026-07-16 12:30:02,C169,SH5411,R073,Apple,16.81,80,4.12,CLOSED,Jaipur,22.719014,71.1362,80,Weak,35.47,5.85,0.12
12,2026-07-16 12:30:02,C427,SH5761,R070,Onion,3.55,88,5.9,OPEN,Ahmedabad,20.041307,70.044184,65,Weak,29.51,18.48,14.3
13,2026-07-16 12:30:02,C491,SH1946,R027,Orange,11.96,82,5.63,CLOSED,Delhi,23.304717,72.807027,54,Weak,19.82,30.49,18.63
14,2026-07-16 12:30:03,C421,SH4100,R062,Grapes,10.96,66,0.01,CLOSED,Delhi,23.929714,71.690375,64,Weak,18.21,31.3,16.19
15,2026-07-16 12:30:03,C152,SH8011,R050,Grapes,9.52,89,2.21,OPEN,Mumbai,21.490244,72.320621,96,Strong,33.86,4.55,7.13
16,2026-07-16 12:30:03,C288,SH6774,R096,Orange,14.76,74,3.7,CLOSED,Mumbai,21.143699,71.774042,67,Weak,38.74,6.39,2.88
17,2026-07-16 12:30:03,C248,SH6790,R052,Grapes,6.53,73,1.94,OPEN,Mumbai,21.129024,73.235479,76,Medium,34.06,11.17,18.92
18,2026-07-16 12:30:03,C184,SH3438,R083,Apple,17.01,84,1.14,CLOSED,Jaipur,20.916728,72.517491,85,Strong,35.47,0.03,18.4
19,2026-07-16 12:30:04,C121,SH8893,R022,Orange,11.25,92,3.66,OPEN,Delhi,20.009657,70.443179,83,Strong,25.32,4.43,15.94
20,2026-07-16 12:30:04,C067,SH5859,R057,Tomato,5.66,69,4.22,OPEN,Ahmedabad,21.553724,71.535449,53,Strong,24.21,27.78,0.77
21,2026-07-16 12:30:04,C371,SH9734,R081,Orange,7.43,65,5.24,CLOSED,Mumbai,21.618715,70.373131,58,Medium,30.49,1.57,10.93
22,2026-07-16 12:30:04,C474,SH8561,R070,Potato,17.19,82,4.33,OPEN,Ahmedabad,21.715902,71.570176,80,Medium,29.01,31.03,0.21
23,2026-07-16 12:30:05,C304,SH3382,R077,Onion,4.76,74,3.33,OPEN,Pune,22.615576,70.812565,48,Strong,20.45,13.22,13.74
24,2026-07-16 12:30:05,C317,SH7991,R070,Grapes,7.28,88,2.73,OPEN,Pune,22.72763,71.194982,45,Medium,36.36,33.49,11.78
25,2026-07-16 12:30:05,C322,SH6800,R010,Strawberry,16.97,92,4.74,CLOSED,Pune,23.262149,71.931647,73,Strong,37.31,2.87,13.72
26,2026-07-16 12:30:05,C190,SH2461,R088,Avocado,7.35,93,1.43,OPEN,Pune,21.862611,71.337798,52,Medium,20.14,28.6,19.63
27,2026-07-16 12:30:05,C171,SH9386,R091,Strawberry,11.17,65,3.44,CLOSED,Pune,22.196613,71.939095,69,Weak,37.06,17.01,22.17
28,2026-07-16 12:30:06,C339,SH7783,R071,Strawberry,6.44,88,5.57,OPEN,Pune,20.611163,71.187026,50,Weak,18.46,7.18,21.31
29,2026-07-16 12:30:06,C027,SH5441,R075,Onion,11.66,68,5.94,CLOSED,Surat,23.665953,72.166168,86,Medium,27.22,9.52,4.43
30,2026-07-16 12:30:06,C243,SH1182,R057,Mango,7.71,72,2.87,CLOSED,Delhi,22.404037,70.856461,82,Weak,38.15,17.08,7.01
31,2026-07-16 12:30:06,C041,SH8196,R044,Avocado,17.9,90,2.57,OPEN,Surat,23.725389,72.040825,88,Medium,34.19,2.4,12.39
32,2026-07-16 12:30:06,C469,SH4094,R039,Strawberry,11.64,93,1.35,OPEN,Delhi,21.429426,73.575212,85,Strong,22.7,11.99,3.02
33,2026-07-16 12:30:07,C306,SH8684,R021,Banana,10.36,84,5.96,CLOSED,Mumbai,20.856329,71.059977,77,Strong,28.3,6.44,6.04
34,2026-07-16 12:30:07,C241,SH8065,R091,Potato,12.59,78,4.35,OPEN,Mumbai,23.323201,70.350711,56,Medium,35.44,21.61,8.67
35,2026-07-16 12:30:07,C276,SH9642,R061,Tomato,17.95,85,0.51,OPEN,Jaipur,20.333247,73.403979,41,Weak,40.46,17.41,17.98
36,2026-07-16 12:30:07,C083,SH3706,R023,Potato,9.94,80,1.47,CLOSED,Pune,23.249604,70.448724,58,Strong,33.91,27.05,18.6
37,2026-07-16 12:30:07,C471,SH2468,R066,Apple,13.83,78,4.74,OPEN,Jaipur,20.523255,73.16023,82,Medium,22.8,16.03,10.12
38,2026-07-16 12:30:08,C033,SH9201,R073,Tomato,10.23,65,3.74,OPEN,Jaipur,22.020149,72.949117,78,Weak,24.82,27.79,10.52
39,2026-07-16 12:30:08,C030,SH6432,R043,Orange,14.84,60,0.44,OPEN,Mumbai,22.588266,73.383253,56,Weak,26.9,39.55,0.77
40,2026-07-16 12:30:08,C494,SH7367,R094,Banana,6.12,66,2.12,OPEN,Mumbai,22.615954,72.322327,85,Medium,28.83,39.19,8.94
41,2026-07-16 12:30:08,C358,SH3441,R090,Tomato,14.42,95,0.91,CLOSED,Ahmedabad,20.446275,72.162611,93,Medium,24.93,5.53,17.63
42,2026-07-16 12:30:08,C141,SH4233,R082,Potato,10.76,69,3.89,CLOSED,Delhi,23.974206,71.569049,92,Strong,29.46,38.59,22.58
43,2026-07-16 12:30:09,C253,SH5249,R051,Strawberry,12.59,81,2.5,OPEN,Mumbai,22.642517,71.230284,85,Strong,22.04,35.72,11.73
44,2026-07-16 12:30:09,C270,SH3627,R090,Potato,11.1,66,4.12,CLOSED,Pune,23.436772,71.020353,87,Weak,33.65,13.94,18.24
45,2026-07-16 12:30:09,C305,SH7334,R087,Onion,6.95,79,1.82,CLOSED,Jaipur,20.633355,70.879798,46,Weak,30.46,34.67,24.96
46,2026-07-16 12:30:09,C360,SH1603,R020,Strawberry,5.6,71,2.92,OPEN,Delhi,23.220047,72.647433,66,Medium,27.13,0.27,0.29
47,2026-07-16 12:30:09,C005,SH6571,R057,Mango,4.74,61,2.86,CLOSED,Mumbai,22.738748,73.810847,71,Medium,27.26,10.75,14.36
48,2026-07-16 12:30:10,C236,SH3246,R056,Orange,10.37,63,2.71,CLOSED,Surat,20.964946,71.801629,97,Weak,37.99,4.31,3.21
49,2026-07-16 12:30:10,C284,SH7461,R021,Grapes,9.21,66,1.36,OPEN,Jaipur,22.001692,72.247531,64,Medium,19.06,7.32,12.3
50,2026-07-16 12:30:10,C331,SH6125,R044,Tomato,3.12,90,0.15,OPEN,Pune,23.453247,70.01555,75,Weak,33.6,20.16,22.91
51,2026-07-16 12:30:10,C230,SH7413,R060,Grapes,16.42,87,4.9,OPEN,Pune,22.362414,72.39421,80,Medium,29.28,5.01,12.6
52,2026-07-16 12:30:11,C171,SH7756,R070,Apple,11.2,83,4.34,CLOSED,Mumbai,21.187629,71.941335,54,Strong,18.74,9.33,8.3
53,2026-07-16 12:30:11,C273,SH6276,R094,Strawberry,13.03,87,1.37,OPEN,Surat,20.290752,73.903655,72,Medium,24.78,29.74,19.7
54,2026-07-16 12:30:11,C071,SH3052,R018,Apple,10.36,70,0.13,CLOSED,Ahmedabad,21.397175,72.208253,65,Medium,21.63,12.89,21.96
55,2026-07-16 12:30:11,C230,SH2219,R038,Tomato,8.6,91,4.21,CLOSED,Surat,21.463056,73.62004,42,Strong,20.78,8.87,10.73
56,2026-07-16 12:30:11,C149,SH6287,R060,Avocado,3.73,88,0.99,CLOSED,Jaipur,21.030289,70.464239,88,Strong,32.1,39.75,17.57
57,2026-07-16 12:30:12,C468,SH6547,R095,Apple,6.04,70,5.08,CLOSED,Surat,21.263481,72.746472,66,Weak,18.87,1.32,12.34
58,2026-07-16 12:30:12,C093,SH6914,R040,Avocado,7.54,86,1.54,CLOSED,Surat,22.112057,71.863575,43,Strong,40.26,39.39,17.0
59,2026-07-16 12:30:12,C323,SH4511,R033,Mango,12.0,80,4.09,CLOSED,Delhi,21.316282,71.210772,63,Strong,35.96,35.13,22.56
60,2026-07-16 12:30:12,C200,SH1760,R017,Onion,10.4,60,2.57,CLOSED,Surat,22.002701,70.474067,100,Strong,23.07,3.54,10.73
61,2026-07-16 12:30:12,C201,SH2671,R082,Orange,6.56,86,3.86,OPEN,Delhi,22.363713,70.350972,72,Medium,30.87,11.22,3.62
62,2026-07-16 12:30:13,C066,SH7923,R086,Mango,14.42,92,1.82,OPEN,Jaipur,22.768536,70.017409,92,Medium,21.44,9.13,18.23
63,2026-07-16 12:30:13,C455,SH5783,R071,Orange,12.76,78,4.13,OPEN,Mumbai,22.058587,72.049752,58,Weak,39.34,10.76,1.43
64,2026-07-16 12:30:13,C199,SH9877,R030,Tomato,17.19,86,3.97,OPEN,Jaipur,21.718088,71.362675,40,Weak,21.55,31.26,16.82
65,2026-07-16 12:30:13,C053,SH4558,R039,Grapes,4.24,67,5.04,OPEN,Delhi,21.615019,71.354393,91,Weak,40.16,7.79,4.02
66,2026-07-16 12:30:13,C110,SH2490,R092,Mango,15.62,82,1.83,OPEN,Delhi,22.111674,73.65126,71,Strong,33.42,16.0,23.95
67,2026-07-16 12:30:14,C229,SH2253,R071,Onion,7.86,60,1.33,OPEN,Ahmedabad,21.030258,71.47945,71,Weak,18.37,14.09,2.92
68,2026-07-16 12:30:14,C108,SH2763,R094,Onion,9.61,80,3.97,OPEN,Surat,23.688095,72.013815,63,Medium,33.65,36.32,12.79
69,2026-07-16 12:30:14,C463,SH3841,R001,Banana,11.25,93,5.98,CLOSED,Ahmedabad,21.203131,73.199274,45,Strong,27.58,34.96,7.02
70,2026-07-16 12:30:14,C397,SH1625,R041,Avocado,7.63,70,5.73,OPEN,Pune,21.912577,71.830849,55,Weak,20.3,25.06,0.83
71,2026-07-16 12:30:14,C211,SH4040,R013,Orange,11.42,73,0.72,OPEN,Ahmedabad,22.288622,70.51575,79,Medium,23.24,37.73,10.17
72,2026-07-16 12:30:15,C053,SH6716,R099,Orange,6.83,79,4.22,OPEN,Surat,22.542651,72.366034,61,Strong,18.97,2.18,0.03
73,2026-07-16 12:30:15,C236,SH6617,R025,Strawberry,16.66,79,5.55,CLOSED,Delhi,21.106598,72.326137,58,Weak,18.83,32.3,22.57
74,2026-07-16 12:30:15,C338,SH7442,R029,Mango,12.01,75,5.88,CLOSED,Pune,20.756058,72.288589,71,Medium,28.21,4.85,24.73
75,2026-07-16 12:30:15,C340,SH6388,R028,Banana,3.29,87,4.49,OPEN,Mumbai,23.482672,72.155727,67,Medium,21.46,4.79,5.59
76,2026-07-16 12:30:15,C399,SH8707,R006,Orange,5.34,74,2.76,OPEN,Mumbai,22.495851,72.796368,100,Strong,41.88,22.51,22.99
77,2026-07-16 12:30:16,C288,SH9144,R041,Potato,9.63,92,3.28,OPEN,Ahmedabad,23.677475,70.291655,69,Weak,21.71,15.34,5.03
78,2026-07-16 12:30:16,C279,SH2047,R075,Onion,17.43,88,4.92,OPEN,Ahmedabad,22.725074,71.261717,51,Medium,19.78,3.19,11.61
79,2026-07-16 12:30:16,C243,SH1529,R035,Banana,13.46,68,0.26,OPEN,Delhi,21.076141,70.710277,81,Medium,18.23,26.52,21.45
80,2026-07-16 12:30:16,C154,SH8398,R068,Grapes,7.32,73,5.68,OPEN,Delhi,21.689881,73.781198,45,Weak,24.63,6.62,8.51
81,2026-07-16 12:30:16,C252,SH4130,R068,Apple,16.32,94,2.2,CLOSED,Delhi,22.847527,72.723308,73,Medium,30.5,35.09,11.98
82,2026-07-16 12:30:17,C350,SH8101,R020,Mango,13.15,94,0.9,CLOSED,Surat,23.702695,71.651569,93,Strong,27.28,29.75,24.99
83,2026-07-16 12:30:17,C005,SH4772,R015,Grapes,2.73,84,4.14,OPEN,Pune,20.821167,72.302459,73,Medium,35.29,19.64,14.85
84,2026-07-16 12:30:17,C187,SH9659,R042,Orange,14.25,83,2.75,OPEN,Ahmedabad,23.787376,73.483452,85,Weak,25.94,13.66,6.8
85,2026-07-16 12:30:17,C364,SH3138,R044,Potato,13.28,76,3.7,CLOSED,Pune,21.719323,70.455916,45,Strong,37.27,29.74,6.31
86,2026-07-16 12:30:18,C367,SH3914,R007,Mango,8.3,89,4.61,OPEN,Ahmedabad,20.271027,71.987216,88,Medium,35.36,34.99,24.59
87,2026-07-16 12:30:18,C240,SH8722,R020,Grapes,8.94,87,1.12,OPEN,Pune,21.015642,71.242711,56,Weak,35.87,2.89,22.76
88,2026-07-16 12:30:18,C173,SH1027,R042,Strawberry,8.11,86,0.18,CLOSED,Jaipur,23.654814,70.802619,67,Medium,18.96,28.57,1.09
89,2026-07-16 12:30:18,C182,SH8121,R061,Orange,2.48,63,5.93,OPEN,Mumbai,21.746191,70.400701,71,Weak,39.35,28.23,7.36
90,2026-07-16 12:30:18,C136,SH2396,R052,Potato,17.54,73,0.33,OPEN,Delhi,20.114563,72.423654,73,Medium,18.02,19.1,24.3
91,2026-07-16 12:30:19,C034,SH9403,R085,Banana,4.95,71,3.05,OPEN,Surat,20.127342,70.894342,44,Strong,22.12,5.11,9.06
92,2026-07-16 12:30:19,C078,SH4666,R097,Mango,5.46,63,5.75,CLOSED,Mumbai,21.751618,72.06549,58,Strong,23.65,29.86,22.6
93,2026-07-16 12:30:19,C320,SH6744,R023,Tomato,16.26,84,5.48,OPEN,Delhi,23.625253,70.727386,93,Medium,40.81,24.63,17.14
94,2026-07-16 12:30:19,C279,SH1660,R019,Strawberry,9.92,64,0.3,OPEN,Delhi,21.850712,70.381403,88,Medium,40.48,30.92,24.65
95,2026-07-16 12:30:19,C310,SH2784,R053,Banana,9.07,74,2.76,OPEN,Ahmedabad,23.596563,71.442745,42,Strong,26.85,33.65,19.14
96,2026-07-16 12:30:20,C434,SH1282,R043,Strawberry,17.81,66,5.4,CLOSED,Jaipur,23.507231,70.806321,57,Medium,21.75,11.74,10.8
97,2026-07-16 12:30:20,C465,SH6784,R050,Tomato,6.52,60,2.05,CLOSED,Delhi,21.749628,71.675412,41,Medium,41.2,32.85,15.98
98,2026-07-16 12:30:20,C029,SH5972,R003,Orange,15.41,92,5.2,CLOSED,Ahmedabad,22.836835,73.283509,69,Strong,30.06,1.97,15.17
99,2026-07-16 12:30:20,C242,SH7633,R040,Strawberry,7.63,75,2.89,CLOSED,Mumbai,21.685449,72.149589,64,Strong,34.23,38.53,10.11
100,2026-07-16 12:30:20,C457,SH2968,R031,Strawberry,7.32,75,1.15,CLOSED,Surat,20.26175,72.625208,79,Medium,41.02,18.76,10.2
101,2026-07-16 12:30:21,C438,SH9568,R074,Orange,2.06,72,5.6,OPEN,Mumbai,21.588361,73.020029,73,Strong,21.67,10.93,11.03
102,2026-07-16 12:30:21,C370,SH9267,R062,Grapes,10.09,75,3.22,CLOSED,Surat,21.116187,71.841213,85,Weak,20.09,35.77,2.62
103,2026-07-16 12:30:21,C032,SH3228,R035,Strawberry,2.09,93,3.15,OPEN,Pune,22.383901,71.251059,72,Weak,39.23,7.99,22.06
104,2026-07-16 12:30:21,C127,SH6496,R067,Avocado,13.43,66,4.82,CLOSED,Surat,23.83554,73.553433,91,Strong,29.67,37.22,2.62
105,2026-07-16 12:30:21,C343,SH4930,R093,Onion,6.13,93,1.05,CLOSED,Ahmedabad,21.168727,73.738896,58,Strong,27.49,12.94,5.28
106,2026-07-16 12:30:22,C365,SH7183,R086,Grapes,15.15,74,0.01,OPEN,Jaipur,22.131506,71.272532,63,Medium,30.31,20.32,0.94
107,2026-07-16 12:30:22,C487,SH6635,R033,Tomato,12.36,69,2.22,CLOSED,Ahmedabad,23.570422,72.470008,88,Weak,41.75,23.81,15.23
108,2026-07-16 12:30:22,C378,SH2609,R005,Onion,14.12,79,3.7,OPEN,Ahmedabad,22.195089,71.650997,86,Medium,27.71,5.88,12.19
109,2026-07-16 12:30:22,C304,SH6679,R095,Avocado,9.86,67,3.01,CLOSED,Ahmedabad,23.466751,70.583281,63,Medium,30.71,33.17,23.83
110,2026-07-16 12:30:22,C059,SH6653,R005,Potato,5.84,94,0.53,CLOSED,Ahmedabad,23.074742,72.017623,73,Strong,24.23,24.06,24.03
111,2026-07-16 12:30:23,C340,SH6944,R003,Orange,13.43,88,2.81,OPEN,Mumbai,23.576384,70.244221,55,Strong,28.16,9.97,17.23
112,2026-07-16 12:30:23,C084,SH2161,R049,Potato,16.63,71,5.67,OPEN,Delhi,22.087378,70.666241,87,Weak,20.56,32.22,13.68
113,2026-07-16 12:30:23,C489,SH5455,R094,Onion,3.61,87,2.0,CLOSED,Delhi,22.581364,71.287772,44,Medium,37.07,24.54,21.66
114,2026-07-16 12:30:23,C101,SH2460,R080,Potato,15.87,93,3.84,CLOSED,Delhi,23.329656,73.391148,41,Strong,33.74,32.41,7.6
115,2026-07-16 12:30:23,C143,SH4871,R008,Apple,5.58,79,2.32,CLOSED,Pune,22.447698,71.64512,90,Strong,39.99,5.92,18.16
116,2026-07-16 12:30:24,C180,SH4753,R017,Grapes,6.17,70,5.61,CLOSED,Surat,20.03844,71.802613,64,Strong,37.81,39.88,19.4
117,2026-07-16 12:30:24,C082,SH4563,R040,Apple,15.15,64,0.44,OPEN,Mumbai,21.430891,70.289857,96,Weak,35.19,38.49,22.89
118,2026-07-16 12:30:24,C313,SH8634,R047,Grapes,14.88,79,0.66,OPEN,Mumbai,20.282392,70.113244,69,Medium,39.04,16.94,9.72
119,2026-07-16 12:30:24,C146,SH5524,R084,Banana,4.23,81,4.75,OPEN,Surat,23.501257,71.725169,47,Weak,18.98,14.24,24.2
120,2026-07-16 12:30:25,C150,SH7199,R095,Grapes,3.16,60,3.9,CLOSED,Mumbai,22.282043,70.458242,52,Weak,33.41,22.43,6.95
121,2026-07-16 12:30:25,C239,SH2122,R025,Tomato,5.58,90,0.1,OPEN,Mumbai,22.694534,73.967494,85,Medium,34.77,5.69,6.57
122,2026-07-16 12:30:25,C090,SH1677,R015,Orange,15.7,80,0.56,OPEN,Delhi,21.442831,70.790838,62,Strong,37.52,32.58,7.52
123,2026-07-16 12:30:25,C133,SH1654,R049,Tomato,8.71,61,4.72,OPEN,Pune,21.684933,73.263269,93,Medium,23.95,16.65,10.99
124,2026-07-16 12:30:25,C306,SH7031,R010,Tomato,14.41,66,1.07,OPEN,Jaipur,23.53229,70.668117,81,Strong,18.43,11.19,1.12
125,2026-07-16 12:30:26,C444,SH9187,R051,Apple,4.59,87,2.21,CLOSED,Jaipur,20.188436,70.779837,41,Medium,35.32,18.67,8.92
126,2026-07-16 12:30:26,C249,SH5064,R079,Banana,12.57,81,3.48,OPEN,Jaipur,21.501332,71.228838,51,Medium,19.06,29.64,9.94
127,2026-07-16 12:30:26,C049,SH8528,R070,Banana,9.94,79,4.78,OPEN,Jaipur,23.678385,70.499824,86,Medium,33.04,13.75,16.28
128,2026-07-16 12:30:26,C324,SH4425,R007,Orange,3.19,77,2.64,CLOSED,Pune,20.182687,72.457998,59,Strong,18.98,5.37,7.09
129,2026-07-16 12:30:26,C279,SH9503,R090,Tomato,8.01,60,3.65,CLOSED,Mumbai,23.518923,73.881818,98,Strong,19.57,6.79,11.51
130,2026-07-16 12:30:27,C165,SH6771,R029,Strawberry,10.92,60,3.0,OPEN,Jaipur,22.204107,71.00562,63,Strong,35.9,36.54,7.31
131,2026-07-16 12:30:27,C074,SH1942,R035,Banana,16.21,77,1.11,OPEN,Mumbai,20.133451,73.509992,93,Weak,25.43,11.43,0.47
132,2026-07-16 12:30:27,C129,SH6162,R034,Strawberry,14.3,90,3.85,OPEN,Jaipur,20.772817,72.589018,50,Strong,37.32,27.09,17.18
133,2026-07-16 12:30:27,C210,SH2149,R034,Apple,10.76,87,3.4,OPEN,Pune,22.914315,72.151623,40,Strong,28.3,35.04,18.26
134,2026-07-16 12:30:27,C056,SH9068,R063,Banana,8.86,83,3.33,CLOSED,Mumbai,21.227674,71.794805,61,Weak,27.29,20.16,23.19
135,2026-07-16 12:30:28,C388,SH1346,R094,Orange,2.83,74,5.44,OPEN,Pune,23.143282,70.231325,99,Weak,32.35,11.88,16.52
136,2026-07-16 12:30:28,C220,SH1278,R084,Potato,17.89,87,4.32,CLOSED,Surat,22.716976,70.592114,73,Medium,30.2,31.97,23.14
137,2026-07-16 12:30:28,C162,SH3392,R064,Apple,14.77,89,2.84,CLOSED,Jaipur,22.511523,71.704556,74,Weak,23.81,13.12,20.5
138,2026-07-16 12:30:28,C018,SH4911,R010,Orange,2.73,82,2.11,OPEN,Delhi,20.928428,73.261559,54,Strong,37.19,31.98,11.7
139,2026-07-16 12:30:28,C401,SH9423,R046,Avocado,11.88,90,2.88,CLOSED,Delhi,23.076242,71.956947,71,Weak,28.59,30.54,18.21
140,2026-07-16 12:30:29,C452,SH2823,R080,Tomato,8.05,85,2.25,CLOSED,Pune,22.105633,70.419369,78,Strong,18.94,39.96,11.72
141,2026-07-16 12:30:29,C251,SH1437,R092,Tomato,4.51,90,3.06,OPEN,Jaipur,22.300457,71.484625,58,Weak,21.07,25.64,18.81
142,2026-07-16 12:30:29,C450,SH6597,R064,Apple,3.21,94,3.86,CLOSED,Mumbai,20.69759,71.591437,47,Strong,32.58,1.52,11.47
143,2026-07-16 12:30:29,C085,SH9012,R027,Potato,6.25,91,4.59,OPEN,Delhi,20.317896,72.522038,70,Medium,28.87,19.31,15.26
144,2026-07-16 12:30:29,C328,SH7069,R025,Banana,10.5,91,5.72,CLOSED,Jaipur,21.531103,73.967258,89,Medium,34.66,25.96,7.54
145,2026-07-16 12:30:30,C460,SH1839,R070,Strawberry,9.6,78,5.93,OPEN,Delhi,22.901674,72.294403,92,Medium,28.83,18.98,6.8
146,2026-07-16 12:30:30,C355,SH2063,R076,Apple,15.01,64,2.2,CLOSED,Mumbai,22.031352,70.449153,79,Weak,24.87,7.86,22.65
147,2026-07-16 12:30:30,C207,SH5369,R076,Mango,4.93,65,2.64,CLOSED,Jaipur,20.123213,73.222678,62,Strong,29.05,8.27,13.66
148,2026-07-16 12:30:30,C098,SH4027,R087,Strawberry,3.62,75,4.79,CLOSED,Delhi,23.546685,71.531014,96,Strong,23.18,21.93,24.92
149,2026-07-16 12:30:30,C171,SH2056,R055,Apple,16.5,76,1.88,OPEN,Ahmedabad,22.669052,70.703748,79,Weak,39.31,4.52,1.89
150,2026-07-16 12:30:31,C174,SH4911,R053,Onion,5.37,88,1.44,OPEN,Jaipur,21.196347,73.558103,53,Weak,31.56,7.6,7.09
151,2026-07-16 12:30:31,C495,SH4713,R007,Mango,9.11,62,0.32,CLOSED,Pune,22.314019,72.098682,47,Weak,20.74,37.25,9.3
152,2026-07-16 12:30:31,C006,SH1870,R055,Avocado,6.99,89,4.09,CLOSED,Ahmedabad,21.089434,70.386505,52,Medium,29.75,10.18,17.12
153,2026-07-16 12:30:31,C067,SH1742,R015,Apple,6.08,61,2.87,OPEN,Ahmedabad,21.944995,72.267681,98,Weak,23.68,34.24,11.09
154,2026-07-16 12:30:31,C170,SH1716,R014,Tomato,17.19,75,0.83,CLOSED,Ahmedabad,23.150606,70.154444,59,Strong,29.41,14.75,6.13
155,2026-07-16 12:30:32,C073,SH3432,R057,Apple,12.34,67,4.37,OPEN,Delhi,20.429929,70.854458,40,Strong,39.62,5.89,17.0
156,2026-07-16 12:30:32,C318,SH9845,R065,Tomato,16.6,95,1.26,OPEN,Pune,22.689965,73.494283,70,Medium,37.16,33.9,22.36
157,2026-07-16 12:30:32,C374,SH2242,R037,Strawberry,5.18,72,2.5,OPEN,Pune,23.297611,72.678158,43,Medium,25.31,11.85,7.68
158,2026-07-16 12:30:32,C007,SH3950,R069,Tomato,10.19,81,3.55,OPEN,Ahmedabad,20.828842,72.694817,57,Strong,33.76,26.94,5.65
159,2026-07-16 12:30:32,C405,SH1040,R092,Orange,15.66,68,4.24,OPEN,Delhi,23.003093,72.728447,49,Strong,37.21,19.95,21.97
160,2026-07-16 12:30:33,C438,SH2562,R057,Onion,12.78,87,0.8,OPEN,Jaipur,21.592967,72.79043,76,Medium,34.17,7.72,16.3
161,2026-07-16 12:30:33,C152,SH8243,R015,Orange,9.59,86,2.93,CLOSED,Mumbai,20.675256,73.51754,41,Strong,31.87,2.7,18.58
162,2026-07-16 12:30:33,C220,SH1550,R007,Grapes,12.45,73,1.01,OPEN,Mumbai,22.635334,71.899201,71,Medium,39.99,5.86,21.1
163,2026-07-16 12:30:33,C151,SH5760,R028,Strawberry,8.38,82,2.61,CLOSED,Mumbai,21.003791,72.288989,54,Strong,32.45,12.41,16.84
164,2026-07-16 12:30:34,C351,SH5600,R061,Strawberry,13.38,90,3.17,OPEN,Mumbai,23.517967,72.178106,53,Strong,25.11,21.22,24.89
165,2026-07-16 12:30:34,C352,SH6591,R076,Onion,6.79,63,0.1,OPEN,Mumbai,23.280788,71.654278,41,Medium,33.6,20.15,15.45
166,2026-07-16 12:30:34,C311,SH5053,R077,Grapes,6.45,79,5.86,CLOSED,Pune,20.96745,71.957686,93,Strong,23.08,21.96,18.83
167,2026-07-16 12:30:34,C097,SH1730,R041,Orange,9.98,65,3.5,CLOSED,Pune,20.263339,73.489088,78,Medium,34.5,27.73,20.63
168,2026-07-16 12:30:34,C132,SH2526,R079,Onion,6.21,70,3.93,CLOSED,Pune,20.401597,72.093371,61,Strong,34.98,15.38,10.54
169,2026-07-16 12:30:35,C106,SH8873,R098,Strawberry,3.99,79,3.48,OPEN,Mumbai,22.287555,72.838169,71,Weak,41.97,31.28,21.73
170,2026-07-16 12:30:35,C249,SH9682,R002,Tomato,13.92,88,1.1,CLOSED,Pune,20.061118,73.591051,74,Medium,41.6,12.48,13.7
171,2026-07-16 12:30:35,C122,SH5847,R048,Grapes,9.38,79,1.79,CLOSED,Pune,20.656754,71.973219,70,Strong,37.96,8.75,15.46
172,2026-07-16 12:30:35,C012,SH1931,R082,Banana,11.95,92,0.97,OPEN,Pune,23.09745,71.74629,97,Strong,38.16,34.33,24.52
173,2026-07-16 12:30:35,C081,SH4897,R002,Apple,4.27,82,1.57,OPEN,Ahmedabad,23.708385,71.415586,55,Strong,27.13,33.25,12.79
174,2026-07-16 12:30:36,C350,SH3351,R084,Apple,2.2,95,2.67,OPEN,Pune,23.429165,71.808859,97,Weak,35.57,11.79,20.99
175,2026-07-16 12:30:36,C101,SH7265,R073,Tomato,13.84,88,5.19,CLOSED,Jaipur,20.329523,70.173123,49,Weak,21.63,21.77,4.12
176,2026-07-16 12:30:36,C446,SH9009,R047,Onion,15.16,91,1.08,CLOSED,Surat,21.124804,70.633721,91,Strong,30.67,30.8,11.05
177,2026-07-16 12:30:36,C316,SH8031,R084,Potato,10.67,71,2.07,OPEN,Jaipur,20.679472,71.095923,76,Weak,36.34,11.77,13.9
178,2026-07-16 12:30:36,C444,SH7097,R037,Tomato,7.22,76,0.11,CLOSED,Mumbai,22.380947,71.664644,51,Weak,24.27,15.91,8.7
179,2026-07-16 12:30:37,C082,SH9760,R094,Orange,7.83,72,5.74,CLOSED,Delhi,22.151234,70.989941,83,Strong,39.08,9.67,10.92
180,2026-07-16 12:30:37,C280,SH9983,R057,Apple,6.96,81,0.86,OPEN,Mumbai,20.973337,70.878359,85,Strong,22.25,7.75,20.51
181,2026-07-16 12:30:37,C029,SH6976,R002,Strawberry,14.29,60,2.65,CLOSED,Mumbai,22.902838,70.331571,92,Weak,25.4,9.09,5.24
182,2026-07-16 12:30:37,C056,SH6410,R066,Tomato,5.88,71,0.39,OPEN,Pune,21.179548,71.012371,40,Medium,30.59,29.82,10.25
183,2026-07-16 12:30:37,C376,SH7999,R073,Strawberry,2.14,73,4.75,OPEN,Delhi,22.643655,70.235098,84,Strong,27.1,36.28,3.48
184,2026-07-16 12:30:38,C223,SH2693,R042,Orange,13.42,65,1.1,OPEN,Surat,23.599525,73.539167,65,Medium,18.46,6.99,14.05
185,2026-07-16 12:30:38,C047,SH8395,R066,Mango,7.22,62,3.32,CLOSED,Mumbai,22.69636,71.373189,95,Weak,26.96,17.47,1.76
186,2026-07-16 12:30:38,C221,SH2797,R009,Avocado,11.38,89,5.22,CLOSED,Pune,23.647191,71.690831,65,Medium,18.26,15.08,13.79
187,2026-07-16 12:30:38,C075,SH6763,R061,Onion,5.96,70,2.24,OPEN,Pune,22.642858,72.095477,48,Strong,40.26,38.29,2.71
188,2026-07-16 12:30:38,C251,SH2019,R023,Apple,7.93,89,4.47,OPEN,Pune,22.52705,73.370186,46,Medium,26.24,8.2,0.76
189,2026-07-16 12:30:39,C399,SH5159,R078,Avocado,6.17,87,2.25,OPEN,Delhi,23.984831,73.309392,73,Strong,37.8,4.86,1.7
190,2026-07-16 12:30:39,C200,SH7611,R079,Banana,3.2,66,5.42,OPEN,Ahmedabad,22.242561,71.62711,100,Weak,31.6,36.62,3.27
191,2026-07-16 12:30:39,C226,SH2486,R002,Tomato,7.35,63,0.78,OPEN,Pune,22.043092,73.262868,91,Medium,36.54,3.63,24.41
192,2026-07-16 12:30:39,C453,SH6257,R033,Avocado,13.15,69,2.13,OPEN,Jaipur,20.714754,71.187138,96,Weak,39.3,30.55,20.91
193,2026-07-16 12:30:39,C081,SH8581,R029,Avocado,7.59,71,1.73,CLOSED,Delhi,21.1382,70.204363,79,Weak,37.7,12.14,24.16
194,2026-07-16 12:30:40,C466,SH1088,R090,Mango,9.08,69,1.45,OPEN,Ahmedabad,21.787834,73.555388,72,Medium,41.45,2.03,7.78
195,2026-07-16 12:30:40,C121,SH7541,R091,Strawberry,5.32,92,0.56,CLOSED,Surat,21.895609,72.467196,62,Medium,30.41,33.92,5.5
196,2026-07-16 12:30:40,C135,SH8099,R012,Tomato,4.67,63,1.48,OPEN,Surat,20.813665,70.860619,41,Strong,29.46,33.74,19.95
197,2026-07-16 12:30:40,C393,SH3664,R002,Potato,17.0,73,1.2,OPEN,Mumbai,21.438472,72.660022,83,Weak,32.57,7.87,5.47
198,2026-07-16 12:30:41,C473,SH1785,R024,Banana,16.23,77,2.8,CLOSED,Ahmedabad,20.568563,73.447489,97,Medium,40.65,11.63,17.71
199,2026-07-16 12:30:41,C038,SH4153,R037,Orange,16.26,87,1.35,CLOSED,Surat,22.698463,71.889513,66,Strong,22.62,25.81,15.92
200,2026-07-16 12:30:41,C431,SH8161,R063,Potato,5.38,78,0.9,OPEN,Mumbai,23.831854,70.267762,91,Medium,19.91,32.36,15.76
201,2026-07-16 12:30:41,C369,SH3775,R083,Onion,16.96,88,4.79,OPEN,Surat,21.284645,73.736153,56,Weak,27.75,4.2,21.38
202,2026-07-16 12:30:41,C314,SH7395,R021,Apple,16.35,79,1.97,CLOSED,Jaipur,20.253793,73.355354,62,Strong,30.48,16.24,21.71
203,2026-07-16 12:30:42,C282,SH9573,R036,Avocado,13.98,74,1.52,OPEN,Delhi,22.355887,73.289528,76,Weak,37.1,31.11,3.78
204,2026-07-16 12:30:42,C273,SH6682,R018,Banana,12.41,92,2.73,CLOSED,Delhi,23.22861,71.16908,76,Strong,30.68,23.1,15.91
205,2026-07-16 12:30:42,C363,SH2926,R057,Tomato,16.64,69,0.22,CLOSED,Pune,23.425428,70.851252,69,Strong,38.65,12.29,20.05
206,2026-07-16 12:30:42,C449,SH8695,R090,Orange,6.79,94,2.93,OPEN,Surat,22.366679,72.146497,67,Weak,27.84,15.08,13.24
207,2026-07-16 12:30:42,C371,SH6710,R040,Banana,16.93,86,3.56,OPEN,Ahmedabad,21.624791,73.046756,92,Strong,41.33,16.75,18.26
208,2026-07-16 12:30:43,C242,SH8754,R064,Grapes,7.82,75,0.51,OPEN,Delhi,20.735584,72.148584,58,Medium,26.67,13.35,12.39
209,2026-07-16 12:30:43,C062,SH7366,R057,Mango,17.44,86,2.47,CLOSED,Jaipur,21.39179,72.543856,93,Strong,40.2,27.11,4.01
210,2026-07-16 12:30:43,C305,SH4562,R089,Tomato,9.22,86,5.63,OPEN,Mumbai,22.989577,73.796793,56,Strong,34.4,16.2,9.73
211,2026-07-16 12:30:43,C209,SH4273,R008,Strawberry,12.57,71,0.45,OPEN,Mumbai,20.490348,71.191941,90,Medium,41.08,21.04,3.34
212,2026-07-16 12:30:43,C024,SH8522,R047,Orange,13.0,94,1.68,OPEN,Pune,23.929682,72.717283,45,Strong,26.61,5.69,21.97
213,2026-07-16 12:30:44,C320,SH4297,R080,Banana,9.07,81,4.64,OPEN,Pune,22.430952,71.843212,75,Weak,21.64,37.1,19.18
214,2026-07-16 12:30:44,C274,SH6139,R061,Orange,6.61,63,4.9,CLOSED,Surat,22.196596,70.514933,52,Weak,36.2,38.27,2.36
215,2026-07-16 12:30:44,C267,SH8787,R020,Apple,14.1,91,0.39,OPEN,Delhi,20.901459,72.32144,60,Medium,35.27,39.56,20.65
216,2026-07-16 12:30:44,C486,SH5932,R025,Apple,4.68,93,2.37,CLOSED,Pune,22.146661,70.049673,81,Strong,36.99,12.27,11.84
217,2026-07-16 12:30:44,C305,SH3634,R091,Apple,16.66,62,1.21,OPEN,Mumbai,21.660203,73.843539,89,Medium,36.32,35.56,20.08
218,2026-07-16 12:30:45,C046,SH5549,R036,Onion,10.83,81,0.2,CLOSED,Pune,20.409028,72.207101,85,Strong,26.85,34.04,11.56
219,2026-07-16 12:30:45,C038,SH8006,R030,Orange,6.12,60,3.1,CLOSED,Surat,22.984523,72.960056,99,Medium,22.43,24.7,21.5
220,2026-07-16 12:30:45,C024,SH4289,R054,Tomato,3.97,75,0.87,OPEN,Mumbai,20.110754,70.629496,62,Weak,29.01,32.96,5.68
221,2026-07-16 12:30:45,C438,SH1940,R021,Orange,5.78,91,1.34,OPEN,Surat,22.440649,73.345981,68,Weak,37.81,31.0,21.67
222,2026-07-16 12:30:45,C256,SH4543,R084,Apple,13.24,82,4.94,CLOSED,Ahmedabad,21.222663,71.392944,53,Weak,30.45,22.47,15.72
223,2026-07-16 12:30:46,C466,SH8118,R065,Onion,14.18,83,3.98,CLOSED,Pune,21.109742,70.830125,65,Strong,33.24,17.33,11.76
224,2026-07-16 12:30:46,C069,SH7891,R089,Onion,9.67,80,5.3,CLOSED,Pune,20.087989,71.597392,89,Strong,37.77,8.42,18.78
225,2026-07-16 12:30:46,C489,SH2545,R013,Potato,5.7,87,0.97,CLOSED,Surat,21.202693,71.891351,79,Medium,27.58,37.25,12.68
226,2026-07-16 12:30:46,C357,SH2242,R023,Apple,13.34,94,5.1,OPEN,Delhi,20.44456,73.013995,53,Strong,35.04,11.59,15.19
227,2026-07-16 12:30:47,C058,SH9093,R049,Tomato,2.42,76,3.47,CLOSED,Jaipur,20.310478,71.962837,72,Medium,40.63,36.13,3.61
228,2026-07-16 12:30:47,C488,SH1846,R065,Banana,2.44,67,1.78,OPEN,Mumbai,20.015731,71.275012,76,Weak,40.63,26.49,8.49
229,2026-07-16 12:30:47,C144,SH9243,R024,Mango,16.61,64,1.73,OPEN,Jaipur,22.543269,70.663842,72,Weak,20.63,37.63,7.75
230,2026-07-16 12:30:47,C122,SH2403,R058,Grapes,14.19,74,1.86,OPEN,Delhi,20.769742,70.128693,93,Medium,21.18,23.08,2.9
231,2026-07-16 12:30:47,C380,SH3205,R024,Tomato,6.2,76,2.33,OPEN,Pune,22.199082,73.191104,43,Medium,31.77,25.18,0.2
232,2026-07-16 12:30:48,C072,SH7997,R024,Tomato,3.88,76,4.57,CLOSED,Ahmedabad,21.430975,73.643235,47,Strong,22.73,1.28,18.74
233,2026-07-16 12:30:48,C172,SH7429,R089,Orange,17.31,64,5.96,OPEN,Pune,20.930442,70.940635,63,Weak,21.08,7.69,9.98
234,2026-07-16 12:30:48,C449,SH3065,R032,Grapes,9.28,71,4.55,OPEN,Pune,22.948289,71.485051,91,Strong,18.4,38.07,2.34
235,2026-07-16 12:30:48,C127,SH7798,R085,Onion,3.04,84,2.75,OPEN,Surat,21.131297,73.42473,92,Medium,30.68,15.05,19.78
236,2026-07-16 12:30:48,C376,SH2387,R050,Onion,5.93,70,3.37,OPEN,Surat,21.754466,70.032203,85,Strong,40.87,34.23,14.92
237,2026-07-16 12:30:49,C219,SH8033,R007,Strawberry,2.99,66,0.47,CLOSED,Ahmedabad,21.435434,70.466211,100,Strong,25.38,27.01,17.5
238,2026-07-16 12:30:49,C104,SH6823,R026,Orange,4.29,62,3.12,CLOSED,Ahmedabad,20.578812,72.728434,80,Medium,34.57,19.4,8.99
239,2026-07-16 12:30:49,C488,SH1332,R024,Apple,4.25,84,0.81,OPEN,Jaipur,23.69973,71.069192,69,Medium,35.81,20.14,23.34
240,2026-07-16 12:30:49,C271,SH6235,R078,Grapes,17.47,61,2.84,OPEN,Jaipur,22.292898,70.57363,83,Strong,18.25,2.19,4.92
241,2026-07-16 12:30:49,C162,SH5143,R023,Mango,4.82,77,5.53,CLOSED,Ahmedabad,21.655715,73.486116,66,Weak,26.97,10.71,13.25
242,2026-07-16 12:30:50,C112,SH3880,R051,Grapes,3.97,89,2.14,CLOSED,Jaipur,22.898183,70.111399,78,Weak,31.82,19.7,18.77
243,2026-07-16 12:30:50,C053,SH7964,R011,Tomato,14.43,84,0.54,OPEN,Ahmedabad,23.792441,73.970707,41,Medium,28.6,1.72,4.68
244,2026-07-16 12:30:50,C380,SH6965,R049,Grapes,6.86,86,4.13,CLOSED,Mumbai,22.938609,71.880801,50,Weak,23.58,34.56,24.16
245,2026-07-16 12:30:50,C188,SH2186,R098,Avocado,16.91,79,5.69,OPEN,Pune,21.663191,70.342918,78,Weak,27.47,15.84,8.5
246,2026-07-16 12:30:50,C455,SH3322,R031,Tomato,4.34,80,5.07,OPEN,Pune,21.475496,71.358287,79,Weak,26.88,19.19,23.6
247,2026-07-16 12:30:51,C350,SH7756,R036,Mango,9.42,88,3.03,CLOSED,Jaipur,22.204091,73.745026,70,Medium,40.81,34.79,13.72
248,2026-07-16 12:30:51,C264,SH2261,R012,Apple,3.98,90,5.39,OPEN,Mumbai,20.058345,73.458408,100,Medium,33.83,22.3,22.64
249,2026-07-16 12:30:51,C072,SH7755,R097,Avocado,15.19,69,3.16,CLOSED,Delhi,22.483573,72.541565,45,Strong,33.79,24.66,7.62
250,2026-07-16 12:30:51,C378,SH7550,R041,Banana,9.28,93,1.61,OPEN,Delhi,22.833612,72.390103,78,Medium,25.81,32.93,13.33
251,2026-07-16 12:30:51,C317,SH1516,R055,Potato,11.97,88,3.52,OPEN,Pune,20.400024,73.144495,80,Medium,24.96,18.66,11.87
252,2026-07-16 12:30:52,C194,SH4532,R002,Grapes,7.64,72,1.97,CLOSED,Surat,22.582042,71.880301,99,Weak,37.09,28.22,14.44
253,2026-07-16 12:30:52,C098,SH7011,R051,Orange,12.55,64,4.81,OPEN,Jaipur,21.001485,73.825234,72,Strong,34.31,19.9,6.05
254,2026-07-16 12:30:52,C326,SH1627,R045,Tomato,6.68,84,2.14,OPEN,Mumbai,21.238044,73.255755,64,Medium,38.76,22.01,19.66
255,2026-07-16 12:30:52,C442,SH9893,R081,Banana,9.32,83,0.11,CLOSED,Surat,22.336792,72.289555,82,Medium,24.44,39.49,18.38
256,2026-07-16 12:30:53,C124,SH3481,R058,Banana,11.91,81,2.65,OPEN,Delhi,20.982415,71.422934,45,Medium,19.62,33.14,22.98
257,2026-07-16 12:30:53,C304,SH2210,R044,Potato,11.05,91,4.89,CLOSED,Delhi,23.797067,70.553097,60,Medium,34.21,22.83,12.48
258,2026-07-16 12:30:53,C016,SH7653,R007,Strawberry,17.95,89,1.64,CLOSED,Delhi,21.482061,73.148106,69,Strong,18.33,15.33,8.48
259,2026-07-16 12:30:53,C493,SH3371,R018,Grapes,15.46,94,5.23,OPEN,Surat,21.016256,71.435347,71,Medium,24.81,9.56,1.15
260,2026-07-16 12:30:53,C402,SH8857,R012,Orange,6.35,90,2.76,OPEN,Surat,22.824522,71.61244,97,Medium,38.43,1.26,21.42
261,2026-07-16 12:30:54,C323,SH4372,R029,Mango,11.78,60,0.82,CLOSED,Jaipur,21.048438,72.26937,42,Strong,23.9,16.88,16.35
262,2026-07-16 12:30:54,C289,SH7407,R084,Grapes,8.88,88,0.07,OPEN,Ahmedabad,21.179904,72.46097,87,Medium,22.91,3.48,9.78
263,2026-07-16 12:30:54,C013,SH2346,R034,Potato,5.13,68,0.88,OPEN,Delhi,23.065895,71.750203,74,Weak,39.52,5.36,3.73
264,2026-07-16 12:30:54,C476,SH8409,R014,Apple,4.05,60,2.21,CLOSED,Surat,23.825804,72.64356,52,Strong,33.03,28.81,21.0
265,2026-07-16 12:30:54,C192,SH5372,R013,Avocado,8.55,73,3.91,OPEN,Delhi,22.749525,73.924719,41,Strong,21.16,31.02,22.24
266,2026-07-16 12:30:55,C349,SH9720,R061,Mango,4.57,85,0.61,OPEN,Mumbai,22.363478,73.89058,90,Strong,21.48,3.22,8.14
267,2026-07-16 12:30:55,C367,SH6565,R065,Avocado,8.99,71,5.82,CLOSED,Delhi,21.918339,72.178584,65,Weak,23.8,36.25,23.35
268,2026-07-16 12:30:55,C497,SH2017,R057,Apple,9.23,72,3.2,CLOSED,Delhi,23.743023,73.035272,75,Medium,32.48,32.13,6.14
269,2026-07-16 12:30:55,C030,SH5964,R088,Strawberry,9.67,93,3.17,CLOSED,Surat,21.011792,73.91433,81,Weak,19.59,7.03,8.8
270,2026-07-16 12:30:55,C062,SH3041,R040,Mango,9.7,89,5.71,OPEN,Mumbai,23.814762,72.533181,57,Weak,38.37,2.57,22.6
271,2026-07-16 12:30:56,C266,SH7215,R037,Tomato,16.04,66,2.51,CLOSED,Jaipur,20.953006,71.340373,63,Weak,28.41,10.31,16.51
272,2026-07-16 12:30:56,C420,SH7687,R093,Potato,5.01,62,1.23,OPEN,Ahmedabad,23.831381,71.985553,63,Weak,35.03,27.79,15.68
273,2026-07-16 12:30:56,C308,SH4193,R071,Onion,9.36,69,3.1,OPEN,Surat,20.128928,71.132103,53,Strong,26.36,38.74,2.94
274,2026-07-16 12:30:56,C450,SH3481,R013,Onion,14.03,74,3.88,CLOSED,Mumbai,23.245475,73.282875,53,Medium,24.19,31.02,9.72
275,2026-07-16 12:30:56,C462,SH5549,R044,Tomato,6.7,78,1.02,OPEN,Delhi,21.221915,70.447652,63,Strong,29.61,34.57,12.9
276,2026-07-16 12:30:57,C123,SH3499,R086,Strawberry,5.72,89,1.79,CLOSED,Surat,22.216431,70.644009,49,Strong,30.76,28.25,15.02
277,2026-07-16 12:30:57,C046,SH7496,R017,Grapes,4.31,61,0.36,CLOSED,Pune,23.927937,73.039223,84,Medium,38.03,18.04,10.3
278,2026-07-16 12:30:57,C108,SH6252,R095,Potato,9.34,91,2.4,OPEN,Surat,20.765579,70.296024,98,Medium,40.72,39.75,21.46
279,2026-07-16 12:30:57,C116,SH7575,R029,Apple,2.07,91,3.53,OPEN,Mumbai,23.891375,71.18722,65,Weak,35.44,9.98,9.73
280,2026-07-16 12:30:57,C031,SH7138,R061,Potato,6.94,84,4.67,CLOSED,Surat,20.037139,72.8674,92,Medium,25.63,9.16,4.63
281,2026-07-16 12:30:58,C013,SH5198,R018,Apple,2.01,88,0.73,OPEN,Mumbai,20.633958,73.123323,51,Medium,18.42,1.62,6.45
282,2026-07-16 12:30:58,C214,SH1416,R084,Strawberry,6.23,87,4.61,OPEN,Surat,21.934728,73.837494,58,Weak,33.22,18.03,10.8
283,2026-07-16 12:30:58,C134,SH9741,R020,Orange,16.8,65,2.8,CLOSED,Ahmedabad,20.879767,72.097699,66,Weak,22.31,10.15,2.41
284,2026-07-16 12:30:58,C202,SH4882,R020,Orange,12.07,91,0.25,OPEN,Jaipur,22.521559,72.762768,83,Medium,27.39,31.17,4.03
285,2026-07-16 12:30:58,C362,SH3456,R039,Avocado,3.53,87,2.05,CLOSED,Mumbai,20.931311,71.018104,66,Medium,38.14,0.59,11.83
286,2026-07-16 12:30:59,C087,SH8020,R051,Strawberry,8.53,68,4.21,OPEN,Jaipur,21.820442,71.70978,70,Medium,20.23,22.28,6.22
287,2026-07-16 12:30:59,C082,SH9140,R046,Apple,9.43,87,2.22,OPEN,Pune,23.242017,70.172402,60,Medium,38.0,13.55,1.12
288,2026-07-16 12:30:59,C387,SH7692,R088,Avocado,16.66,62,4.94,CLOSED,Jaipur,23.687864,72.270545,95,Strong,34.85,7.82,21.27
289,2026-07-16 12:30:59,C114,SH6132,R037,Potato,12.95,60,4.02,OPEN,Ahmedabad,21.975968,70.732663,89,Medium,37.53,38.54,13.74
290,2026-07-16 12:30:59,C076,SH8268,R088,Banana,12.97,76,5.51,OPEN,Surat,20.59714,72.060829,71,Weak,32.81,11.39,16.51
291,2026-07-16 12:31:00,C477,SH4488,R007,Grapes,15.02,73,1.18,CLOSED,Delhi,20.875876,71.765448,49,Medium,33.59,0.14,18.99
292,2026-07-16 12:31:00,C368,SH2556,R014,Grapes,8.95,92,5.81,CLOSED,Ahmedabad,22.381953,71.200309,47,Medium,39.38,37.11,19.31
293,2026-07-16 12:31:00,C156,SH9551,R025,Mango,5.92,89,2.15,CLOSED,Ahmedabad,23.521291,71.124425,45,Strong,29.14,4.62,13.98
294,2026-07-16 12:31:00,C017,SH3828,R095,Strawberry,5.24,91,5.23,CLOSED,Ahmedabad,21.680751,72.213854,50,Weak,34.41,15.09,19.18
295,2026-07-16 12:31:00,C238,SH7036,R081,Apple,12.23,90,0.42,OPEN,Ahmedabad,22.999177,73.344814,83,Medium,33.34,24.59,3.9
296,2026-07-16 12:31:01,C412,SH7150,R009,Grapes,15.6,67,3.29,CLOSED,Surat,21.03009,72.579607,46,Weak,34.73,0.88,20.65
297,2026-07-16 12:31:01,C034,SH2855,R028,Onion,4.95,75,0.62,OPEN,Ahmedabad,22.274037,70.188981,59,Medium,32.82,30.17,14.69
298,2026-07-16 12:31:01,C353,SH8862,R067,Onion,9.31,89,3.89,OPEN,Surat,20.792607,71.487654,47,Strong,33.94,27.36,23.33
299,2026-07-16 12:31:01,C270,SH1828,R043,Potato,3.45,69,0.28,CLOSED,Jaipur,23.865849,70.278408,94,Medium,22.41,35.7,9.43
300,2026-07-16 12:31:02,C087,SH5981,R043,Potato,11.82,86,4.31,CLOSED,Delhi,22.489064,71.96792,42,Strong,28.46,28.34,14.06
301,2026-07-16 12:31:02,C441,SH6776,R065,Mango,3.79,74,0.01,OPEN,Surat,20.766607,72.599085,61,Strong,20.15,36.06,5.71
302,2026-07-16 12:31:02,C488,SH5065,R090,Potato,9.98,83,3.93,OPEN,Mumbai,23.986046,72.330725,43,Weak,33.37,25.27,1.76
303,2026-07-16 12:31:02,C026,SH7323,R034,Potato,9.57,80,0.33,CLOSED,Ahmedabad,23.25341,72.366961,70,Weak,30.33,31.89,24.15
304,2026-07-16 12:31:02,C464,SH4790,R051,Potato,5.39,89,2.84,CLOSED,Mumbai,20.658926,72.603929,97,Strong,36.51,27.39,23.98
305,2026-07-16 12:31:03,C267,SH7271,R070,Banana,2.09,92,3.11,OPEN,Delhi,23.513285,70.051613,97,Strong,28.48,31.6,11.9
306,2026-07-16 12:31:03,C043,SH2393,R061,Grapes,13.06,87,4.26,CLOSED,Pune,22.292181,72.020021,92,Medium,21.42,1.2,15.52
307,2026-07-16 12:31:03,C274,SH4446,R096,Grapes,14.85,91,2.57,CLOSED,Jaipur,22.839989,72.546944,89,Strong,28.26,4.15,21.51
308,2026-07-16 12:31:03,C148,SH4913,R071,Apple,11.14,79,2.09,CLOSED,Ahmedabad,20.664442,73.58747,45,Medium,25.5,25.59,12.05
309,2026-07-16 12:31:03,C081,SH4797,R005,Apple,14.08,80,5.65,CLOSED,Ahmedabad,23.833539,71.13829,43,Medium,25.41,1.31,22.48
310,2026-07-16 12:31:04,C049,SH3633,R079,Strawberry,15.83,93,5.92,CLOSED,Mumbai,22.24216,71.148538,61,Medium,35.42,9.97,1.17
311,2026-07-16 12:31:04,C480,SH7808,R018,Tomato,3.86,89,4.72,CLOSED,Delhi,22.705821,71.645778,51,Medium,30.66,25.95,13.18
312,2026-07-16 12:31:04,C478,SH7314,R028,Potato,7.7,95,4.68,OPEN,Ahmedabad,23.300085,70.098758,99,Strong,35.11,19.95,6.65
313,2026-07-16 12:31:04,C200,SH4956,R022,Onion,2.77,64,1.65,OPEN,Mumbai,20.736927,70.946366,60,Strong,23.46,5.57,3.81
314,2026-07-16 12:31:04,C040,SH5060,R052,Potato,15.49,63,4.39,OPEN,Surat,23.455422,72.750379,80,Medium,25.5,11.15,5.39
315,2026-07-16 12:31:05,C322,SH1408,R028,Apple,13.27,64,0.04,CLOSED,Ahmedabad,20.146163,72.607015,43,Weak,22.97,3.11,12.81
316,2026-07-16 12:31:05,C308,SH1326,R027,Onion,17.32,61,4.3,OPEN,Delhi,20.653962,71.411236,41,Medium,27.96,22.79,8.31
317,2026-07-16 12:31:05,C160,SH1695,R085,Strawberry,10.36,92,2.14,CLOSED,Ahmedabad,22.049605,73.944906,93,Medium,20.6,29.06,19.24
318,2026-07-16 12:31:05,C416,SH9725,R084,Mango,17.18,78,2.86,CLOSED,Mumbai,20.752393,73.114445,46,Weak,24.8,23.96,20.58
319,2026-07-16 12:31:05,C308,SH8333,R010,Avocado,7.04,74,5.28,OPEN,Surat,20.969296,70.799064,80,Weak,20.56,5.78,7.91
320,2026-07-16 12:31:06,C253,SH1424,R079,Potato,6.71,63,5.04,OPEN,Mumbai,20.92143,72.392925,62,Strong,20.17,27.09,10.22
321,2026-07-16 12:31:06,C287,SH8659,R081,Potato,8.53,64,0.35,CLOSED,Ahmedabad,20.805071,71.357087,77,Medium,19.13,27.73,11.69
322,2026-07-16 12:31:06,C028,SH8656,R010,Tomato,6.97,91,2.44,OPEN,Pune,21.428526,71.916306,82,Weak,39.56,9.91,2.37
323,2026-07-16 12:31:06,C193,SH8324,R067,Potato,3.59,67,5.45,CLOSED,Jaipur,23.884235,72.275732,90,Medium,32.51,2.36,17.29
324,2026-07-16 12:31:06,C331,SH1065,R063,Strawberry,6.76,67,5.9,OPEN,Surat,20.176112,72.651768,46,Medium,34.79,1.82,6.26
325,2026-07-16 12:31:07,C270,SH5028,R085,Mango,17.71,70,0.95,OPEN,Ahmedabad,20.358564,72.361949,100,Strong,28.96,36.01,6.27
326,2026-07-16 12:31:07,C164,SH5369,R055,Apple,7.01,87,3.54,OPEN,Pune,22.852442,72.239136,57,Weak,25.37,39.71,16.6
327,2026-07-16 12:31:07,C178,SH6227,R036,Tomato,16.34,95,1.8,CLOSED,Pune,22.841268,71.353117,69,Medium,30.73,31.95,4.41
328,2026-07-16 12:31:07,C379,SH1823,R023,Strawberry,6.51,75,3.99,CLOSED,Surat,22.026626,71.506981,73,Medium,34.44,12.63,18.63
329,2026-07-16 12:31:08,C487,SH7033,R042,Apple,13.61,73,0.56,OPEN,Delhi,22.77651,72.405311,88,Medium,34.16,16.46,22.09
330,2026-07-16 12:31:08,C358,SH2133,R010,Onion,5.93,69,0.38,CLOSED,Pune,23.391136,73.858947,52,Weak,40.31,38.2,0.33
331,2026-07-16 12:31:08,C418,SH9792,R087,Onion,13.1,92,2.63,CLOSED,Mumbai,21.019432,73.206824,78,Medium,20.82,33.1,0.07
332,2026-07-16 12:31:08,C188,SH9681,R077,Onion,7.55,86,4.07,CLOSED,Pune,21.842156,70.106023,41,Medium,23.15,36.08,17.24
333,2026-07-16 12:31:08,C291,SH2623,R082,Grapes,4.45,90,0.9,CLOSED,Jaipur,20.72976,73.260645,52,Strong,35.68,32.01,24.87
334,2026-07-16 12:31:09,C317,SH7414,R043,Avocado,5.5,95,5.5,OPEN,Ahmedabad,23.962701,71.104652,96,Weak,31.3,26.91,23.93
335,2026-07-16 12:31:09,C471,SH9643,R092,Orange,16.84,86,5.64,OPEN,Delhi,20.612158,71.931055,88,Weak,24.79,0.13,9.81
336,2026-07-16 12:31:09,C399,SH7029,R040,Avocado,4.04,91,5.55,CLOSED,Mumbai,23.055591,73.407214,90,Strong,35.32,19.23,4.14
337,2026-07-16 12:31:09,C048,SH8084,R092,Apple,4.55,71,3.8,OPEN,Pune,22.009634,70.501159,87,Medium,34.72,34.77,4.49
338,2026-07-16 12:31:09,C345,SH8235,R046,Grapes,4.03,78,4.34,OPEN,Pune,20.865163,73.590066,64,Weak,30.28,27.77,12.37
339,2026-07-16 12:31:10,C215,SH4766,R001,Tomato,14.37,89,3.97,CLOSED,Jaipur,20.32627,72.529795,67,Strong,38.16,37.31,18.13
340,2026-07-16 12:31:10,C403,SH5138,R051,Orange,4.21,61,5.02,CLOSED,Mumbai,21.917732,70.008698,90,Weak,39.2,21.74,22.76
341,2026-07-16 12:31:10,C382,SH2943,R079,Grapes,13.76,66,3.98,OPEN,Delhi,21.683905,70.600225,49,Weak,37.4,32.06,3.13
342,2026-07-16 12:31:10,C336,SH3014,R053,Mango,17.83,83,0.95,CLOSED,Surat,20.622544,72.150301,40,Weak,40.49,21.06,14.17
343,2026-07-16 12:31:10,C340,SH8909,R038,Avocado,4.93,85,1.38,OPEN,Mumbai,20.894145,72.735934,97,Medium,27.86,37.49,13.39
344,2026-07-16 12:31:11,C489,SH7788,R002,Potato,7.48,67,0.95,CLOSED,Surat,21.268623,73.614575,49,Strong,21.33,0.32,2.74
345,2026-07-16 12:31:11,C274,SH7693,R083,Apple,12.76,70,4.41,OPEN,Jaipur,22.112498,73.407253,48,Weak,36.45,4.86,19.28
346,2026-07-16 12:31:11,C477,SH4344,R069,Mango,17.56,75,2.89,CLOSED,Mumbai,20.465902,70.183121,78,Strong,21.68,31.08,19.19
347,2026-07-16 12:31:11,C433,SH4033,R005,Grapes,12.98,73,3.51,CLOSED,Pune,22.894871,71.733466,80,Strong,28.65,36.51,11.31
348,2026-07-16 12:31:11,C404,SH3407,R039,Orange,14.73,85,1.19,CLOSED,Surat,23.219146,72.561355,97,Strong,35.09,38.07,22.54
349,2026-07-16 12:31:12,C292,SH2946,R096,Onion,3.68,63,1.04,CLOSED,Surat,23.447993,72.505926,65,Weak,19.19,23.27,18.62
350,2026-07-16 12:31:12,C465,SH4638,R060,Grapes,17.47,69,2.42,CLOSED,Delhi,23.657279,73.178007,89,Medium,35.9,13.9,20.15
351,2026-07-16 12:31:12,C130,SH2375,R057,Strawberry,11.02,72,2.05,CLOSED,Pune,21.052422,72.326702,88,Medium,32.22,21.2,13.64
352,2026-07-16 12:31:12,C233,SH7551,R025,Onion,14.15,70,4.33,CLOSED,Jaipur,21.612177,72.101267,50,Weak,37.86,35.42,20.87
353,2026-07-16 12:31:12,C482,SH2248,R085,Grapes,3.06,88,2.47,OPEN,Mumbai,22.029742,73.924858,69,Weak,29.65,27.03,12.39
354,2026-07-16 12:31:13,C435,SH3293,R071,Orange,4.46,89,5.1,CLOSED,Surat,22.991952,72.426582,74,Weak,33.13,5.71,2.23
355,2026-07-16 12:31:13,C297,SH1257,R011,Potato,13.42,68,5.35,OPEN,Pune,21.647644,70.99375,75,Weak,39.44,26.63,9.83
356,2026-07-16 12:31:13,C043,SH4851,R022,Grapes,9.88,81,3.9,CLOSED,Jaipur,23.899687,72.191431,52,Medium,20.75,34.13,4.38
357,2026-07-16 12:31:13,C002,SH6089,R085,Banana,4.87,61,0.6,CLOSED,Delhi,23.335341,71.919351,51,Strong,22.06,4.78,17.66
358,2026-07-16 12:31:14,C141,SH4709,R046,Apple,11.0,75,3.3,CLOSED,Mumbai,21.83184,73.756986,67,Strong,39.47,24.38,24.76
359,2026-07-16 12:31:14,C377,SH4826,R077,Avocado,5.89,82,3.51,CLOSED,Jaipur,21.028631,71.859137,98,Medium,37.96,19.36,9.36
360,2026-07-16 12:31:14,C324,SH7655,R086,Grapes,2.14,91,2.66,CLOSED,Delhi,22.084107,73.387906,71,Weak,31.48,13.43,3.3
361,2026-07-16 12:31:14,C081,SH7531,R035,Strawberry,8.0,68,2.42,CLOSED,Surat,20.938148,70.798833,77,Strong,41.75,32.01,18.84
362,2026-07-16 12:31:14,C379,SH8313,R019,Strawberry,2.95,67,3.99,OPEN,Pune,20.156775,73.96632,66,Weak,26.65,7.26,6.25
363,2026-07-16 12:31:15,C082,SH9571,R061,Orange,7.73,71,2.69,CLOSED,Ahmedabad,20.382888,71.511781,74,Medium,22.49,19.37,3.38
364,2026-07-16 12:31:15,C044,SH2828,R092,Avocado,8.6,60,3.39,CLOSED,Ahmedabad,20.415039,71.377833,96,Medium,28.61,5.36,7.6
365,2026-07-16 12:31:15,C446,SH2323,R054,Orange,15.62,93,3.6,CLOSED,Pune,23.53651,72.608591,100,Weak,39.32,17.68,3.1
366,2026-07-16 12:31:15,C173,SH7869,R072,Apple,7.57,76,1.2,CLOSED,Surat,20.888208,70.547054,76,Medium,26.54,8.65,5.33
367,2026-07-16 12:31:15,C212,SH3536,R066,Grapes,3.88,93,2.21,OPEN,Surat,22.22935,70.782075,99,Weak,21.86,4.42,17.37
368,2026-07-16 12:31:16,C008,SH1603,R088,Strawberry,9.12,65,2.29,OPEN,Ahmedabad,21.256466,70.502517,72,Strong,37.2,29.26,4.32
369,2026-07-16 12:31:16,C280,SH9031,R022,Avocado,3.32,80,0.83,OPEN,Ahmedabad,21.671598,71.120874,69,Weak,32.99,13.93,15.04
370,2026-07-16 12:31:16,C252,SH9670,R061,Grapes,12.79,74,3.48,OPEN,Mumbai,22.455908,73.671976,67,Strong,35.0,29.1,17.0
371,2026-07-16 12:31:16,C420,SH4115,R024,Mango,7.93,81,5.2,CLOSED,Pune,23.725019,70.32804,79,Weak,20.37,15.44,2.53
372,2026-07-16 12:31:16,C003,SH8560,R069,Potato,2.53,64,2.52,OPEN,Jaipur,23.523329,70.030892,81,Strong,41.98,33.79,5.12
373,2026-07-16 12:31:17,C258,SH1937,R051,Orange,6.96,67,4.12,OPEN,Delhi,23.943231,71.125119,44,Strong,26.71,10.33,14.61
374,2026-07-16 12:31:17,C012,SH2709,R007,Orange,3.31,64,2.09,OPEN,Delhi,23.650656,73.09167,46,Medium,36.85,26.35,3.71
375,2026-07-16 12:31:17,C460,SH2625,R057,Apple,7.95,92,5.7,CLOSED,Delhi,20.584992,73.671279,78,Weak,37.13,13.03,11.55
376,2026-07-16 12:31:17,C037,SH5984,R063,Grapes,2.84,74,0.48,CLOSED,Delhi,21.051881,70.048777,59,Medium,32.11,36.39,0.22
377,2026-07-16 12:31:17,C497,SH5727,R059,Strawberry,9.99,72,3.97,OPEN,Mumbai,23.471426,72.938548,56,Weak,32.3,9.3,2.14
378,2026-07-16 12:31:18,C345,SH9131,R025,Potato,2.83,77,2.74,OPEN,Mumbai,20.50004,73.506613,97,Medium,25.6,5.96,24.63
379,2026-07-16 12:31:18,C341,SH5304,R016,Orange,13.43,72,4.56,OPEN,Delhi,20.852533,72.606658,86,Weak,39.6,32.0,19.72
380,2026-07-16 12:31:18,C364,SH1856,R014,Strawberry,10.98,60,5.62,CLOSED,Surat,22.827195,71.62951,83,Weak,21.03,1.6,11.28
381,2026-07-16 12:31:18,C213,SH1730,R019,Apple,9.45,65,2.03,OPEN,Surat,23.15737,71.249907,61,Medium,34.96,15.29,5.57
382,2026-07-16 12:31:18,C368,SH8848,R090,Mango,10.11,74,3.6,CLOSED,Surat,23.933543,71.670632,44,Weak,27.81,6.88,23.18
383,2026-07-16 12:31:19,C334,SH1645,R046,Tomato,3.32,76,3.13,CLOSED,Jaipur,23.125825,71.678832,59,Medium,41.42,34.08,1.54
384,2026-07-16 12:31:19,C465,SH6900,R017,Mango,10.69,83,0.81,OPEN,Pune,21.365743,72.994583,75,Medium,30.61,22.66,2.38
385,2026-07-16 12:31:19,C461,SH3361,R090,Apple,11.84,79,3.41,OPEN,Surat,20.138055,73.991931,44,Medium,41.46,33.44,18.94
386,2026-07-16 12:31:19,C035,SH8614,R010,Potato,17.46,81,4.38,OPEN,Surat,22.44933,73.808453,70,Weak,24.35,12.5,19.09
387,2026-07-16 12:31:20,C330,SH6544,R094,Onion,14.55,95,1.51,OPEN,Surat,21.513315,73.753151,51,Strong,31.87,6.38,14.27
388,2026-07-16 12:31:20,C290,SH9076,R011,Avocado,14.77,62,1.69,CLOSED,Surat,21.651487,71.111085,91,Strong,26.29,19.9,1.42
389,2026-07-16 12:31:20,C333,SH1654,R068,Apple,3.34,74,1.74,OPEN,Mumbai,21.559191,71.483579,76,Medium,37.05,37.45,3.39
390,2026-07-16 12:31:20,C281,SH8401,R084,Potato,2.39,95,2.72,OPEN,Surat,22.477597,70.859691,94,Strong,21.17,7.26,22.52
391,2026-07-16 12:31:20,C384,SH8029,R035,Onion,16.44,91,4.43,CLOSED,Surat,21.390104,73.960458,99,Strong,34.28,21.23,0.11
392,2026-07-16 12:31:21,C180,SH3906,R097,Tomato,5.74,68,5.84,CLOSED,Ahmedabad,20.603732,70.68825,90,Medium,24.85,28.12,14.97
393,2026-07-16 12:31:21,C394,SH9143,R059,Orange,4.37,73,0.55,OPEN,Pune,20.29361,73.389908,48,Strong,26.33,16.23,19.92
394,2026-07-16 12:31:21,C027,SH5325,R096,Grapes,11.93,73,3.32,OPEN,Delhi,20.993828,73.092661,46,Strong,28.53,3.13,15.8
395,2026-07-16 12:31:21,C462,SH2989,R095,Onion,14.24,85,0.04,OPEN,Ahmedabad,22.234054,73.584914,54,Medium,33.62,32.36,15.64
396,2026-07-16 12:31:21,C433,SH9856,R053,Strawberry,11.04,65,2.15,CLOSED,Pune,20.398611,71.259686,51,Medium,22.98,39.56,10.68
397,2026-07-16 12:31:22,C035,SH2004,R053,Apple,14.87,69,3.4,OPEN,Ahmedabad,21.319352,71.41129,81,Weak,26.16,11.76,10.54
398,2026-07-16 12:31:22,C442,SH2952,R041,Strawberry,6.02,86,1.23,CLOSED,Jaipur,23.941811,70.448089,40,Weak,23.88,31.12,21.76
399,2026-07-16 12:31:22,C478,SH3333,R025,Potato,13.55,80,1.57,OPEN,Ahmedabad,21.941764,71.036592,77,Medium,36.81,7.59,18.76
400,2026-07-16 12:31:22,C106,SH7443,R062,Grapes,10.8,65,5.38,OPEN,Ahmedabad,21.232328,72.454584,46,Medium,25.83,0.43,13.32
401,2026-07-16 12:31:22,C267,SH8955,R095,Orange,5.89,68,0.08,CLOSED,Delhi,20.230034,72.4696,53,Weak,37.63,19.31,3.52
402,2026-07-16 12:31:23,C446,SH2709,R024,Mango,4.35,60,1.29,CLOSED,Ahmedabad,23.803456,72.730741,100,Strong,25.04,26.3,24.79
403,2026-07-16 12:31:23,C315,SH5092,R076,Strawberry,10.84,73,0.7,OPEN,Surat,21.691572,73.548705,60,Medium,23.17,3.3,23.1
404,2026-07-16 12:31:23,C290,SH4982,R002,Tomato,9.24,64,3.38,CLOSED,Jaipur,21.003416,71.332206,65,Medium,39.75,9.98,6.57
405,2026-07-16 12:31:23,C340,SH6968,R021,Orange,8.63,71,4.72,CLOSED,Delhi,20.348356,71.589065,72,Weak,23.45,13.68,11.06
406,2026-07-16 12:31:23,C303,SH2375,R080,Strawberry,8.53,94,3.59,CLOSED,Ahmedabad,20.241347,73.596759,73,Medium,32.12,3.75,6.07
407,2026-07-16 12:31:24,C461,SH2539,R016,Avocado,8.05,81,4.91,OPEN,Jaipur,23.681523,71.389767,55,Strong,18.46,1.37,7.07
408,2026-07-16 12:31:24,C164,SH3039,R046,Onion,8.54,62,0.39,CLOSED,Pune,21.524656,71.208558,69,Medium,29.23,35.38,24.34
409,2026-07-16 12:31:24,C337,SH5701,R080,Banana,2.23,81,5.62,CLOSED,Pune,21.170721,71.113895,40,Medium,30.96,13.29,6.23
410,2026-07-16 12:31:24,C076,SH7185,R094,Strawberry,10.1,93,2.68,CLOSED,Surat,23.685519,72.07129,86,Strong,35.4,27.61,23.53
411,2026-07-16 12:31:24,C115,SH3035,R097,Grapes,7.45,62,0.98,CLOSED,Mumbai,22.689373,73.162947,73,Strong,32.45,38.57,20.34
412,2026-07-16 12:31:25,C454,SH2434,R086,Potato,2.69,69,4.97,OPEN,Ahmedabad,22.521391,73.987622,67,Medium,25.13,10.1,10.9
413,2026-07-16 12:31:25,C130,SH7525,R085,Banana,10.08,69,5.58,OPEN,Mumbai,21.141585,72.224172,47,Strong,26.98,19.95,6.56
414,2026-07-16 12:31:25,C414,SH6734,R094,Mango,5.63,79,4.81,CLOSED,Mumbai,22.014935,70.683279,79,Strong,24.24,37.58,7.96
415,2026-07-16 12:31:25,C107,SH9216,R048,Banana,10.38,70,0.25,OPEN,Delhi,21.108971,70.874785,95,Strong,38.91,2.87,18.27
416,2026-07-16 12:31:25,C330,SH1141,R077,Potato,4.22,74,4.96,OPEN,Delhi,23.343462,70.666301,74,Strong,35.72,23.72,3.79
417,2026-07-16 12:31:26,C057,SH1040,R004,Mango,12.82,81,2.29,OPEN,Pune,23.530904,72.279967,55,Strong,28.36,26.94,20.61
418,2026-07-16 12:31:26,C018,SH4641,R012,Avocado,15.8,79,4.06,CLOSED,Mumbai,23.269353,73.822931,71,Medium,38.7,21.0,8.01
419,2026-07-16 12:31:26,C432,SH4375,R082,Grapes,5.1,69,5.68,CLOSED,Surat,20.652276,73.527354,64,Strong,20.41,2.09,13.76
420,2026-07-16 12:31:26,C217,SH4180,R049,Strawberry,12.82,78,5.1,OPEN,Delhi,22.515013,72.976753,49,Weak,32.49,12.55,12.04
421,2026-07-16 12:31:26,C023,SH5322,R046,Banana,15.83,74,5.67,OPEN,Surat,20.078385,73.993598,65,Medium,25.91,38.19,13.9
422,2026-07-16 12:31:27,C348,SH1172,R087,Grapes,14.38,72,4.38,OPEN,Delhi,23.317365,73.522859,85,Medium,20.16,25.74,2.65
423,2026-07-16 12:31:27,C122,SH6197,R078,Banana,15.55,60,2.19,CLOSED,Jaipur,23.627818,72.33589,87,Medium,36.95,7.98,9.89
424,2026-07-16 12:31:27,C154,SH3887,R033,Avocado,6.37,65,1.51,OPEN,Mumbai,22.720187,73.546884,78,Medium,30.65,17.36,7.94
425,2026-07-16 12:31:27,C172,SH8852,R081,Grapes,13.18,69,4.19,CLOSED,Mumbai,22.478523,71.138398,83,Weak,18.06,35.03,22.86
426,2026-07-16 12:31:28,C056,SH6724,R019,Avocado,7.12,78,5.9,OPEN,Mumbai,23.806781,71.804541,73,Weak,30.92,31.18,22.19
427,2026-07-16 12:31:28,C013,SH4377,R028,Potato,6.59,61,4.48,OPEN,Jaipur,20.301994,71.820659,76,Medium,27.21,19.67,1.05
428,2026-07-16 12:31:28,C120,SH4210,R047,Onion,9.37,86,1.74,CLOSED,Surat,21.270722,73.232829,46,Weak,23.39,8.04,1.87
429,2026-07-16 12:31:28,C489,SH3046,R006,Strawberry,12.51,66,4.81,OPEN,Pune,23.82803,72.743903,74,Medium,32.25,12.68,12.51
430,2026-07-16 12:31:28,C197,SH3731,R059,Banana,11.74,73,1.45,OPEN,Jaipur,22.235099,71.799007,43,Medium,40.02,13.63,4.17
431,2026-07-16 12:31:29,C328,SH3388,R025,Orange,7.54,93,2.87,OPEN,Ahmedabad,22.739123,73.734552,47,Medium,18.33,13.48,7.35
432,2026-07-16 12:31:29,C263,SH3204,R060,Avocado,16.26,73,5.22,OPEN,Pune,21.612326,70.0556,50,Strong,30.21,16.9,11.24
433,2026-07-16 12:31:29,C353,SH9600,R025,Avocado,8.39,70,3.14,OPEN,Surat,23.610788,70.711974,70,Medium,35.18,25.6,4.2
434,2026-07-16 12:31:29,C323,SH3730,R001,Banana,12.77,70,0.04,CLOSED,Jaipur,23.542875,70.488411,94,Medium,37.85,34.57,1.57
435,2026-07-16 12:31:29,C145,SH1935,R091,Grapes,17.18,71,1.93,OPEN,Jaipur,21.420828,72.614193,99,Weak,21.03,27.2,7.58
436,2026-07-16 12:31:30,C236,SH3093,R064,Tomato,15.3,76,3.06,OPEN,Mumbai,23.282696,71.365548,71,Medium,21.33,20.37,20.99
437,2026-07-16 12:31:30,C118,SH8249,R065,Avocado,10.11,72,1.55,OPEN,Delhi,23.27065,70.947968,59,Weak,28.88,14.42,17.77
438,2026-07-16 12:31:30,C130,SH4342,R081,Banana,10.99,71,1.04,CLOSED,Jaipur,20.828349,70.755112,92,Weak,30.26,23.14,2.63
439,2026-07-16 12:31:30,C254,SH5961,R052,Potato,17.16,75,4.17,CLOSED,Surat,22.183691,73.593128,68,Medium,29.47,2.61,24.89
440,2026-07-16 12:31:30,C058,SH9135,R053,Strawberry,6.9,84,2.63,OPEN,Jaipur,23.823634,70.427694,90,Weak,23.85,19.49,0.04
441,2026-07-16 12:31:31,C232,SH7447,R046,Orange,14.04,80,3.9,CLOSED,Ahmedabad,22.328433,71.199367,53,Medium,25.95,9.84,17.07
442,2026-07-16 12:31:31,C173,SH8673,R033,Avocado,5.56,91,3.07,OPEN,Surat,23.367115,71.866794,82,Weak,34.18,32.47,23.47
443,2026-07-16 12:31:31,C415,SH7998,R073,Onion,6.29,62,3.08,OPEN,Jaipur,23.748538,73.129539,53,Medium,19.91,13.23,9.1
444,2026-07-16 12:31:31,C214,SH5256,R026,Strawberry,10.13,87,0.55,CLOSED,Ahmedabad,20.772532,73.047577,68,Weak,41.42,33.61,3.97
445,2026-07-16 12:31:31,C135,SH1752,R083,Onion,8.85,93,4.11,CLOSED,Surat,23.963132,72.773031,64,Strong,22.41,31.96,21.22
446,2026-07-16 12:31:32,C388,SH2930,R096,Apple,12.06,91,5.4,OPEN,Pune,21.080032,72.099102,68,Medium,37.5,17.92,21.66
447,2026-07-16 12:31:32,C433,SH4630,R073,Apple,17.73,67,4.96,CLOSED,Jaipur,20.98019,73.865678,92,Weak,20.7,33.52,11.0
448,2026-07-16 12:31:32,C189,SH8010,R051,Apple,13.77,66,2.91,OPEN,Surat,21.40089,71.697513,96,Medium,39.07,33.52,15.23
449,2026-07-16 12:31:32,C421,SH7623,R025,Banana,6.3,61,4.77,CLOSED,Surat,21.444509,70.829096,51,Weak,34.74,34.57,22.61
450,2026-07-16 12:31:32,C452,SH4631,R058,Avocado,16.74,85,1.26,OPEN,Surat,23.578142,72.411044,52,Strong,35.83,36.3,6.52
451,2026-07-16 12:31:33,C014,SH7637,R057,Strawberry,14.67,87,2.97,CLOSED,Pune,23.632221,72.590925,80,Weak,21.98,3.94,2.84
452,2026-07-16 12:31:33,C195,SH5774,R022,Banana,6.55,76,0.14,CLOSED,Mumbai,21.823857,71.962104,84,Medium,20.15,35.88,14.1
453,2026-07-16 12:31:33,C189,SH1219,R095,Banana,2.76,75,5.67,CLOSED,Ahmedabad,21.668689,73.716515,89,Medium,34.69,12.02,19.83
454,2026-07-16 12:31:33,C327,SH8929,R099,Grapes,13.48,60,0.41,CLOSED,Delhi,21.273474,70.162385,91,Strong,24.51,4.62,5.09
455,2026-07-16 12:31:33,C421,SH1360,R029,Potato,16.07,60,4.44,CLOSED,Mumbai,20.658335,70.774101,93,Strong,27.46,32.5,17.06
456,2026-07-16 12:31:34,C436,SH1241,R099,Mango,11.35,86,1.91,OPEN,Surat,21.695494,71.671018,71,Weak,30.38,2.27,17.95
457,2026-07-16 12:31:34,C273,SH1030,R083,Grapes,10.43,87,5.79,CLOSED,Mumbai,21.925784,71.262452,73,Weak,34.81,8.14,13.53
458,2026-07-16 12:31:34,C053,SH6209,R028,Banana,15.6,95,3.33,OPEN,Pune,22.341829,72.823392,58,Medium,18.45,38.2,21.56
459,2026-07-16 12:31:34,C018,SH5201,R024,Orange,7.37,87,3.41,CLOSED,Surat,22.358456,73.865503,81,Strong,25.82,21.29,10.87
460,2026-07-16 12:31:35,C449,SH2700,R054,Banana,10.23,60,4.63,OPEN,Surat,22.677379,72.560055,93,Weak,33.42,4.35,20.55
461,2026-07-16 12:31:35,C473,SH3123,R097,Grapes,4.72,76,5.5,OPEN,Ahmedabad,22.877338,73.690318,90,Strong,36.89,31.89,10.41
462,2026-07-16 12:31:35,C350,SH3082,R021,Banana,3.03,70,4.37,OPEN,Surat,20.902154,72.922735,87,Strong,31.08,1.48,17.1
463,2026-07-16 12:31:35,C056,SH1840,R097,Tomato,14.92,72,3.61,OPEN,Mumbai,23.60022,71.156756,72,Strong,33.53,33.85,23.33
464,2026-07-16 12:31:35,C243,SH2337,R048,Orange,17.36,77,0.46,OPEN,Pune,21.930643,72.716833,93,Medium,31.81,19.43,5.28
465,2026-07-16 12:31:36,C093,SH3125,R007,Apple,5.41,63,0.83,CLOSED,Mumbai,21.993521,71.748495,80,Medium,41.34,2.57,7.4
466,2026-07-16 12:31:36,C294,SH5022,R099,Orange,13.63,63,1.1,CLOSED,Surat,21.871852,72.369141,66,Strong,31.18,10.86,4.77
467,2026-07-16 12:31:36,C473,SH7766,R090,Avocado,17.65,91,1.82,OPEN,Ahmedabad,22.883325,72.638967,95,Strong,26.19,3.73,6.82
468,2026-07-16 12:31:36,C225,SH4612,R014,Grapes,15.38,76,2.9,OPEN,Delhi,22.569131,71.995108,99,Weak,23.92,20.12,23.2
469,2026-07-16 12:31:36,C220,SH3440,R020,Onion,13.31,62,0.71,CLOSED,Surat,20.745573,70.895234,79,Strong,32.74,12.71,15.82
470,2026-07-16 12:31:37,C341,SH4624,R080,Avocado,11.4,66,2.5,OPEN,Mumbai,21.012363,72.735698,59,Strong,26.02,22.06,13.82
471,2026-07-16 12:31:37,C111,SH8076,R002,Avocado,15.13,86,2.56,CLOSED,Ahmedabad,22.194583,70.310169,62,Strong,39.09,22.97,7.26
472,2026-07-16 12:31:37,C359,SH1057,R084,Onion,10.34,80,1.61,OPEN,Jaipur,23.173357,72.093306,94,Weak,18.34,23.59,24.83
473,2026-07-16 12:31:37,C462,SH2025,R041,Orange,6.02,93,1.0,CLOSED,Delhi,21.115523,73.397892,44,Medium,39.82,13.38,7.83
474,2026-07-16 12:31:37,C397,SH9083,R016,Onion,6.11,80,4.89,CLOSED,Ahmedabad,21.283533,72.4993,52,Medium,23.01,6.53,20.08
475,2026-07-16 12:31:38,C416,SH2356,R035,Apple,15.58,78,5.94,OPEN,Ahmedabad,23.168375,70.349237,59,Strong,26.83,6.56,11.95
476,2026-07-16 12:31:38,C159,SH9190,R036,Strawberry,7.21,92,3.54,OPEN,Surat,21.54178,72.406274,90,Medium,39.97,13.4,16.01
477,2026-07-16 12:31:38,C297,SH5861,R012,Banana,5.54,79,3.58,CLOSED,Surat,21.543279,70.724608,40,Strong,38.79,0.79,9.46
478,2026-07-16 12:31:38,C107,SH8851,R065,Potato,14.78,84,0.58,CLOSED,Mumbai,20.191012,71.066537,81,Medium,37.11,11.84,21.58
479,2026-07-16 12:31:38,C304,SH8646,R081,Banana,9.11,72,0.03,CLOSED,Pune,21.000816,70.422177,65,Strong,20.66,6.59,21.01
480,2026-07-16 12:31:39,C248,SH4960,R090,Banana,2.76,60,5.84,OPEN,Mumbai,23.075245,71.828869,47,Strong,38.44,1.71,7.98
481,2026-07-16 12:31:39,C213,SH5849,R010,Grapes,12.9,83,5.67,OPEN,Mumbai,21.783656,71.273049,71,Medium,29.28,29.96,17.03
482,2026-07-16 12:31:39,C410,SH4787,R051,Apple,4.91,81,0.87,OPEN,Surat,20.963256,70.233015,62,Strong,34.12,14.93,6.46
483,2026-07-16 12:31:39,C126,SH7016,R074,Grapes,8.98,78,4.86,OPEN,Jaipur,20.03249,71.097689,65,Weak,26.24,13.55,18.03
484,2026-07-16 12:31:39,C005,SH1456,R066,Banana,11.79,79,2.28,OPEN,Delhi,22.962352,72.262348,76,Weak,25.59,34.3,9.24
485,2026-07-16 12:31:40,C408,SH3695,R020,Grapes,12.92,70,0.99,CLOSED,Jaipur,20.023341,71.253873,64,Medium,24.45,15.57,9.74
486,2026-07-16 12:31:40,C126,SH5458,R084,Banana,16.7,71,5.96,OPEN,Delhi,20.230892,71.228616,81,Weak,34.74,30.25,21.59
487,2026-07-16 12:31:40,C257,SH2963,R038,Potato,11.27,83,0.84,CLOSED,Pune,20.529416,70.655276,46,Weak,32.19,8.01,1.96
488,2026-07-16 12:31:40,C119,SH3003,R017,Grapes,16.54,92,2.24,CLOSED,Ahmedabad,22.51567,73.985002,55,Weak,21.31,6.2,20.21
489,2026-07-16 12:31:40,C330,SH1800,R054,Banana,3.19,65,0.59,CLOSED,Surat,23.245645,70.389979,57,Strong,20.57,7.92,10.8
490,2026-07-16 12:31:41,C362,SH4224,R077,Banana,15.19,72,3.05,OPEN,Surat,22.806193,73.808965,41,Strong,30.13,14.78,12.76
491,2026-07-16 12:31:41,C286,SH4939,R093,Tomato,9.05,78,5.3,CLOSED,Surat,21.279179,70.848462,64,Medium,32.61,14.72,13.49
492,2026-07-16 12:31:41,C458,SH7658,R027,Apple,15.73,88,3.8,OPEN,Mumbai,21.274752,70.996788,69,Strong,18.44,39.21,10.46
493,2026-07-16 12:31:41,C029,SH8122,R035,Strawberry,10.81,82,2.63,CLOSED,Jaipur,21.144424,73.731915,94,Strong,21.91,4.39,13.57
494,2026-07-16 12:31:42,C495,SH4507,R043,Tomato,10.95,86,1.96,CLOSED,Jaipur,21.044232,70.558635,92,Weak,38.26,0.06,23.48
495,2026-07-16 12:31:42,C483,SH6887,R012,Onion,9.27,86,5.68,OPEN,Mumbai,21.040245,73.552564,98,Medium,27.68,22.87,14.82
496,2026-07-16 12:31:42,C165,SH6995,R090,Apple,17.54,67,3.18,CLOSED,Pune,21.177266,71.063154,64,Weak,41.06,9.58,19.16
497,2026-07-16 12:31:42,C180,SH2729,R053,Avocado,11.36,83,3.16,CLOSED,Jaipur,20.218242,72.598825,50,Weak,23.43,31.13,1.03
498,2026-07-16 12:31:42,C103,SH3259,R088,Orange,3.66,75,1.44,OPEN,Jaipur,21.114526,72.112841,95,Strong,18.58,21.85,1.73
499,2026-07-16 12:31:43,C421,SH8620,R013,Potato,8.02,82,3.97,CLOSED,Mumbai,23.327611,72.357146,95,Medium,21.46,9.62,20.52
500,2026-07-16 12:31:43,C435,SH1073,R092,Strawberry,13.5,84,0.89,CLOSED,Surat,23.184021,73.132634,66,Strong,23.48,5.35,9.61
